{
  "project_info": {
    "project_number": "592692236084",
    "project_id": "appseg2105-a2458",
    "storage_bucket": "appseg2105-a2458.appspot.com"
  },
  "client": [
    {
      "client_info": {
        "mobilesdk_app_id": "1:592692236084:android:4b313845f8e81b2e2b1f61",
        "android_client_info": {
          "package_name": "com.example.appsegplswork"
        }
      },
      "oauth_client": [],
      "api_key": [
        {
          "current_key": "AIzaSyDN6me39NYyooCRNimd3wL-J-hfBdEHSB4"
        }
      ],
      "services": {
        "appinvite_service": {
          "other_platform_oauth_client": []
        }
      }
    }
  ],
  "configuration_version": "1"
}